10243	Cowpox virus
10244	Monkeypox virus
10245	Vaccinia virus
10249	Vaccinia virus Copenhagen
10255	Variola virus
10258	Orf virus
10280	Molluscum contagiosum virus subtype 1
10298	Human alphaherpesvirus 1
10310	Human alphaherpesvirus 2
10317	Cercopithecine alphaherpesvirus 2
10325	Macacine alphaherpesvirus 1
10335	Human alphaherpesvirus 3
10338	Human herpesvirus 3 strain Dumas
10359	Human betaherpesvirus 5
10372	Human betaherpesvirus 7
10376	Human gammaherpesvirus 4
10407	Hepatitis B virus
10408	Hepatitis B virus subtype adw2
10515	Human adenovirus 2
10519	Human adenovirus 7
10521	Human adenovirus 14
10522	Human adenovirus 35
10524	Human adenovirus 41
10528	Human adenovirus 18
10529	Human adenovirus 31
10533	Human adenovirus 1
10534	Human adenovirus 6
10548	Human adenovirus 34
10566	Human papillomavirus
10573	human papillomavirus 13
10579	Human papillomavirus type 8
10580	human papillomavirus 11
10583	Human papillomavirus type 1a
10584	Human papillomavirus type 2a
10585	human papillomavirus 31
10586	human papillomavirus 33
10587	human papillomavirus 35
10588	human papillomavirus 39
10589	Human papillomavirus type 41
10590	human papillomavirus 42
10591	human papillomavirus 43
10592	human papillomavirus 44
10593	human papillomavirus 45
10594	human papillomavirus 47
10595	human papillomavirus 51
10596	human papillomavirus 56
10598	human papillomavirus 58
10599	Human papillomavirus type 5b
10600	Human papillomavirus type 6b
10604	human papillomavirus 12
10606	Human papillomavirus 15
10607	Human papillomavirus 17
10608	Human papillomavirus 19
10609	human papillomavirus 25
10611	human papillomavirus 30
10614	Human papillomavirus 3
10615	human papillomavirus 40
10616	Human papillomavirus type 49
10617	Human papillomavirus 4
10618	human papillomavirus 52
10620	Human papillomavirus type 7
10621	Human papillomavirus 9
10632	JC polyomavirus
10798	Human parvovirus B19
10799	H-1 parvovirus
10804	adeno-associated virus 2
10942	Human rotavirus B
11020	Barmah Forest virus
11021	Eastern equine encephalitis virus
11029	Ross River virus
11033	Semliki Forest virus
11034	Sindbis virus
11036	Venezuelan equine encephalitis virus
11039	Western equine encephalitis virus
11041	Rubella virus
11047	Equine arteritis virus
11053	dengue virus type I
11060	Dengue virus type 2
11069	Dengue virus type 3
11070	Dengue virus type 4
11072	Japanese encephalitis virus
11079	Murray Valley encephalitis virus
11080	Saint Louis encephalitis virus
11082	West Nile virus
11083	Powassan virus
11084	Tick-borne encephalitis virus
11085	Langat virus
11086	Louping ill virus
11089	Yellow fever virus
11103	Hepacivirus C
11137	Human coronavirus 229E
11168	Mumps virus strain Jeryl Lynn
11216	Human respirovirus 3
11224	Human parainfluenza virus 4a
11226	Human parainfluenza virus 4b
11234	Measles morbillivirus
11250	Human orthopneumovirus
11269	Marburg marburgvirus
11272	Chandipura virus
11277	Vesicular stomatitis Indiana virus
11292	Lyssavirus rabies
11318	Thogotovirus dhoriense
11553	Influenza C virus (C/Ann Arbor/1/50)
11577	La Crosse virus
11580	Snowshoe hare virus
11587	Punta Toro virus
11588	Rift Valley fever virus
11590	Toscana virus
11591	Uukuniemi virus
11620	Lassa mammarenavirus
11623	Lymphocytic choriomeningitis mammarenavirus
11628	Machupo mammarenavirus
11641	Human foamy virus
11676	Human immunodeficiency virus 1
11709	Human immunodeficiency virus 2
11837	Xenotropic murine leukemia virus
11908	Human T-cell leukemia virus type I
11909	Human T-lymphotropic virus 2
11963	Human spumaretrovirus
11983	Norwalk virus
12060	Echovirus E9
12062	Echovirus E6
12063	Human parechovirus 1
12067	Coxsackievirus A9
12070	Human coxsackievirus A21 Coe
12071	Coxsackievirus B1
12072	Coxsackievirus B3
12073	Coxsackievirus B4
12074	Coxsackievirus B5
12078	Echovirus E11
12081	Human poliovirus 1 Mahoney
12089	Coxsackievirus A24
12090	enterovirus D70
12092	Hepatovirus A
12104	Encephalomyocarditis virus
12107	Mengo virus
12131	rhinovirus B14
12132	rhinovirus A89
12135	rhinovirus A23
12456	Human astrovirus 1
12475	Hepatitis delta virus
12509	Human herpesvirus 4 type 2
12538	Lyssavirus mokola
12542	Omsk hemorrhagic fever virus
12557	Seoul virus 80-39
12637	Dengue virus
12701	Human astrovirus 2
12721	Human immunodeficiency virus
12730	Human respirovirus 1
12814	Respiratory syncytial virus
28275	Human adenovirus D10
28278	Human adenovirus 19
28280	Human adenovirus E4
28282	Human adenovirus 12
28285	Human adenovirus 5
28311	Human papillomavirus type 63
28312	Human papillomavirus 65
28332	Human T-lymphotropic virus 3
28875	Rotavirus A
31544	Human adenovirus 16
31545	Human adenovirus D8
31546	Human papillomavirus type 14D
31547	human papillomavirus 20
31548	human papillomavirus 21
31552	Human papillomavirus type 6
31631	Human coronavirus OC43
31647	Hepatitis C virus subtype 1b
31649	Hepatitis C virus subtype 2a
31651	Hepatitis C virus subtype 2c
31653	Hepatitis C virus subtype 4a
31655	Hepatitis C virus subtype 6a
31699	Ockelbo virus
31704	Coxsackievirus A16
31708	rhinovirus A16
32603	Human betaherpesvirus 6A
32604	Human betaherpesvirus 6B
32608	Human adenovirus 21
33727	Marburg virus - Musoke, Kenya, 1980
33743	Kyasanur Forest disease virus
33745	Hepatitis C virus genotype 4
33746	Hepatitis C virus genotype 5
33757	Coxsackievirus A2
35279	Meaban virus
35293	Echovirus E12
35294	Echovirus E2
35295	Echovirus E4
35300	Human astrovirus 4
35304	Bunyamwera virus
35310	Bwamba orthobunyavirus
35514	Keystone virus
35515	Melao virus
35741	Human astrovirus 5
36368	Human T-cell lymphotropic virus type 2b
36427	Rotavirus C
37111	Human papillomavirus 28
37112	Human papillomavirus 29
37114	Human papillomavirus type 55
37115	human papillomavirus 59
37116	Human papillomavirus type 61
37119	human papillomavirus 66
37120	human papillomavirus 67
37121	human papillomavirus 69
37122	Human papillomavirus type 6a
37124	Chikungunya virus
37130	Human astrovirus 6
37296	Human gammaherpesvirus 8
37954	Human papillomavirus 22
37955	Human papillomavirus 23
37956	human papillomavirus 24
37957	human papillomavirus 36
37958	Human papillomavirus 37
37959	Human papillomavirus 38
38767	Lyssavirus duvenhage
38804	Yaba monkey tumor virus
38837	Banzi virus
39054	Enterovirus A71
39085	Human parechovirus 2
39457	Human papillomavirus type 70
39767	rhinovirus A11
40012	Saumarez Reef virus
40057	Lebombo virus
40058	Orungo virus
40280	Echovirus E5
40538	Human papillomavirus type 48
40539	Human papillomavirus type 50
40540	Human papillomavirus type 60
41846	Echovirus E30
41856	Hepatitis C virus genotype 1
42182	Hepatitis C virus genotype 6
42769	Coxsackievirus A10
42770	Coxsackievirus A11
42771	Coxsackievirus A12
42772	Coxsackievirus A13
42773	Coxsackievirus A14
42775	Coxsackievirus A17
42776	Coxsackievirus A18
42779	Coxsackievirus A1
42782	Coxsackievirus A20
42783	Coxsackievirus A22
42785	Coxsackievirus A4
42786	Coxsackievirus A5
42788	Coxsackievirus A8
42789	enterovirus D68
42792	Hepatitis C virus subtype 3g
43358	Human astrovirus 8
44024	Kokobera virus
44027	Stratford virus
44128	rhinovirus A21
44129	rhinovirus A29
44130	rhinovirus B3
44131	rhinovirus A49
44132	rhinovirus A50
44133	rhinovirus A58
44134	rhinovirus A62
44135	rhinovirus A65
44136	rhinovirus A7
44137	rhinovirus B72
44419	Sindbis-like virus
45101	Echovirus E25
45219	Guanarito mammarenavirus
45240	human papillomavirus 68
45659	Human adenovirus B3
45999	Echovirus E27
46018	Echovirus E7
46350	Adeno-associated virus - 3
46839	Colorado tick fever virus
46922	Human adenovirus 17
46924	Human adenovirus 22
46925	Human adenovirus 23
46930	Human adenovirus 28
46936	Human adenovirus 36
46938	Human adenovirus 43
46941	Human adenovirus 46
47501	Echovirus E13
47502	Echovirus E14
47503	Echovirus E15
47504	Echovirus E16
47505	Echovirus E17
47506	Echovirus E18
47507	Echovirus E19
47508	Echovirus E20
47509	Echovirus E21
47510	Echovirus E24
47511	Echovirus E26
47512	Echovirus E29
47513	Echovirus E31
47514	Echovirus E32
47515	Echovirus E33
47516	Echovirus E3
50292	Cercopithecine betaherpesvirus 5
52275	Human adenovirus D37
52276	Snow Mountain virus
54290	GB virus C
57482	European bat 1 lyssavirus
57483	European bat 2 lyssavirus
57579	Adeno-associated virus - 4
59301	Mayaro virus
59303	Sagiyama virus
59304	Una virus
59563	Ilheus virus
60877	Tonate virus
61673	Porcine endogenous retrovirus
63330	Hendra henipavirus
63746	Hepatitis C virus (isolate H77)
64285	Rio Bravo virus
64286	Usutu virus
64288	Royal Farm virus
64292	Ntaya virus
64300	Modoc virus
64305	Cacipacore virus
64307	Gadgets Gully virus
64310	Kadam virus
64314	Potiskum virus
64315	Rocio virus
64320	Zika virus
68558	Adeno-associated virus - 6
68742	Adeno-associated virus 3B
68887	Torque teno virus
70149	Measles virus strain Edmonston-Zagreb
72197	Human erythrovirus V9
74561	Coxsackievirus B6
80941	Guaroa virus
82300	adeno-associated virus 5
82639	Coxsackievirus B2
82658	Lordsdale virus
84272	Sindbis-like virus YN87448
86107	Coxsackievirus A6
93678	TTV-like mini virus
93830	Hantavirus Z10
93838	Influenza A virus (A/goose/Guangdong/1/1996(H5N1))
94433	Camberwell virus
95340	Norwalk-like virus
98832	Influenza B virus (B/Memphis/12/97)
99000	Tanapox virus
99565	Chiba virus
103914	Echovirus 9 strain Barty
103915	Echovirus 9 strain Hill
106820	Hepatitis B virus subtype adr
107462	Human adenovirus 50
108098	Human mastadenovirus B
114654	DG-75 Murine leukemia virus
118655	Oropouche virus
120381	human papillomavirus 87
120686	human papillomavirus 71
121791	Nipah henipavirus
122928	Norovirus GI
122929	Norovirus GII
123738	Enterovirus Yanbian 96-83csf
126794	Vaccinia virus Ankara
128952	Ebola virus - Mayinga, Zaire, 1976
129724	human papillomavirus 82
129875	Human mastadenovirus A
129951	Human mastadenovirus C
130308	Human mastadenovirus E
130309	Human mastadenovirus F
130310	Human mastadenovirus D
130760	Influenza A virus (A/Hong Kong/1073/99(H9N2))
132475	Yaba-like disease virus
138948	Enterovirus A
138949	Enterovirus B
138950	Enterovirus C
138951	Enterovirus D
145856	Human picobirnavirus
147672	rhinovirus A28
147673	rhinovirus A36
147674	rhinovirus A18
147675	rhinovirus A20
147676	rhinovirus A45
147677	rhinovirus B52
147678	Rhinovirus B69
147679	Rhinovirus B48
147680	rhinovirus B37
147681	rhinovirus B6
147683	rhinovirus B42
147684	rhinovirus A12
147685	rhinovirus A78
147711	Rhinovirus A
147712	Rhinovirus B
147714	rhinovirus B5
150137	Norovirus Hu/NLV/GII/Neustrelitz260/2000/DE
150546	human papillomavirus 84
150846	Enterovirus 5865/sin/000009
150904	rhinovirus B17
152219	Menangle virus
153301	Baboon cytomegalovirus OCOM4-37
156647	Enterovirus 5666/sin/002209
158465	Human calicivirus Hu/NLV/GII/MD145-12/1987/US
162145	Human metapneumovirus
164416	Wesselsbron virus
166122	Human endogenous retrovirus K113
166124	Human enteric coronavirus 4408
167321	rhinovirus A43
167322	rhinovirus A82
167324	rhinovirus A46
167325	rhinovirus B91
167326	rhinovirus B92
167327	rhinovirus B93
167328	rhinovirus B84
167329	rhinovirus B35
167330	rhinovirus B97
170525	Measles virus genotype D4
170528	Measles virus genotype D8
171370	human papillomavirus 86
171720	Enterovirus B69
172148	Alkhumra hemorrhagic fever virus
172314	Ljungan virus
172316	Ljungan virus 174F
172317	Ljungan virus 145SL
183764	Influenza A virus (A/Puerto Rico/8/34/Mount Sinai(H1N1))
185889	rhinovirus B4
185890	rhinovirus A8
185891	rhinovirus A9
185892	rhinovirus A10
185893	rhinovirus A13
185894	rhinovirus A15
185895	rhinovirus A19
185896	rhinovirus A22
185897	rhinovirus A24
185898	rhinovirus A25
185899	rhinovirus B26
185900	rhinovirus B27
185901	rhinovirus A30
185902	rhinovirus A31
185903	rhinovirus A32
185904	rhinovirus A33
185905	rhinovirus A34
185906	rhinovirus A38
185907	rhinovirus A39
185908	rhinovirus A40
185909	rhinovirus A41
185910	Human rhinovirus A44
185911	rhinovirus A47
185912	rhinovirus A51
185913	rhinovirus A53
185914	rhinovirus A54
185915	rhinovirus A55
185916	rhinovirus A56
185917	rhinovirus A57
185918	rhinovirus A59
185919	rhinovirus A60
185920	rhinovirus A61
185921	rhinovirus A63
185922	rhinovirus A64
185923	rhinovirus A66
185924	rhinovirus A67
185925	rhinovirus A68
185926	rhinovirus B70
185927	rhinovirus A71
185928	rhinovirus A73
185929	rhinovirus A74
185930	rhinovirus A75
185931	rhinovirus A76
185932	rhinovirus A77
185933	rhinovirus B79
185934	rhinovirus A80
185935	Rhinovirus A81
185936	rhinovirus B83
185937	rhinovirus A85
185938	rhinovirus B86
185939	rhinovirus A88
185940	rhinovirus A90
185941	rhinovirus A94
185942	Human rhinovirus A95
185943	rhinovirus A96
185944	rhinovirus A98
185945	rhinovirus B99
185946	rhinovirus A100
186160	Human papillomavirus type 57b
186538	Zaire ebolavirus
186539	Reston ebolavirus
186540	Sudan ebolavirus
186541	Tai Forest ebolavirus
188538	Human parainfluenza virus 1 strain Washington/1964
188539	Amphotropic murine leukemia virus
192196	Caraparu virus
194540	Nairobi sheep disease virus
194965	Aichivirus B
195055	Human parechovirus 3
200154	Enterovirus B73
204269	Great Island virus
206160	Sandfly fever Naples virus
211044	Influenza A virus (A/Puerto Rico/8/1934(H1N1))
211787	Human papillomavirus type 92
218120	Human adenovirus 49
222887	Enterovirus B77
222889	Enterovirus B74
227984	SARS coronavirus Tor2
228330	SARS coronavirus Urbani
228404	SARS coronavirus HKU-39849
228407	SARS coronavirus BJ01
228415	SARS coronavirus CUHK-W1
234601	Sapovirus Mc10
247149	SARS coronavirus WHU
247269	Human papillomavirus type 96
253182	Human Respiratory syncytial virus 9320
253433	SARS coronavirus PUMC01
253434	SARS coronavirus PUMC02
253435	SARS coronavirus PUMC03
256548	Bovine adeno-associated virus
258453	Human calicivirus NLV/GII/Langen1061/2002/DE
260047	Human adenovirus 3+7
260717	Human papillomavirus 94
262897	Norovirus GIV
270642	Human group 1 coronavirus associated with pneumonia
273341	Ilesha virus
273345	Fort Sherman virus
273352	Macaua virus
277944	Human coronavirus NL63
282345	Enterovirus B75
289365	Human parvovirus 4
289366	Small anellovirus 1
289367	Small anellovirus 2
290008	Isfahan virus
290028	Human coronavirus HKU1
290280	Norovirus Hu/GI/Otofuke/1979/JP
290314	Sapovirus C12
291175	Sapovirus Hu/Dresden/pJG-Sap01/DE
291484	Hepeviridae
296145	Norovirus Hu/NLV/Dresden174/pUS-NorII/1997/GE
297248	Enterovirus A90
301186	Mumps virus strain L-Zagreb
306588	Enterovirus A76
310755	Human enterovirus Ningbo3-02
310756	Human enterovirus Hangzhou13-02
310907	Enterovirus H
318279	Human T-lymphotropic virus 4
318563	Enterovirus B80
318564	Enterovirus B81
318565	Enterovirus B82
318566	Enterovirus B83
318567	Enterovirus B84
318568	Enterovirus B85
318569	Enterovirus B86
318570	Enterovirus B87
318571	Enterovirus B88
318843	Almpiwar virus
318848	Le Dantec virus
321147	SARS coronavirus BJ162
321149	SARS coronavirus BJ202
325445	Enterovirus C96
325446	Enterovirus B97
325447	Enterovirus B100
325568	Human papillomavirus type 27b
326124	Human adenovirus 7d2
332179	Human adenovirus 52
333751	Human papillomavirus type 2
333752	human papillomavirus 27
333753	human papillomavirus 57
333759	Human papillomavirus type 10
333760	Human papillomavirus type 16
333761	human papillomavirus 18
333762	Human papillomavirus type 26
333763	Human papillomavirus type 32
333764	Human papillomavirus type 34
333765	Human papillomavirus type 53
333767	Alphapapillomavirus 3
333769	Human papillomavirus type 90
333771	human papillomavirus 81
333772	human papillomavirus 83
333923	Human papillomavirus 5
334203	Mupapillomavirus 1
334210	human papillomavirus 62
334514	Human papillomavirus type 38b
334584	Sapovirus Ehime1107/2002/JP
335103	Adult diarrheal rotavirus strain J19
335341	Influenza A virus (A/New York/392/2004(H3N2))
336619	Norovirus Hu/Chiba/04-1050/2005/JP
337043	Alphapapillomavirus 4
337054	Human papillomavirus type 88
338079	African green monkey simian foamy virus
338322	Human papillomavirus type 68a
338323	human papillomavirus 103
338324	human papillomavirus 97
338326	human papillomavirus 106
338327	human papillomavirus 102
338478	Macaque simian foamy virus
340907	Papiine alphaherpesvirus 2
341053	Beilong virus
343463	Human adenovirus 11a
348013	Madrid virus
353145	SARS coronavirus ZJ02
356114	Hepatitis C virus genotype 3
356391	Hepatitis C virus (isolate 6a33)
356426	Hepatitis C virus subtype 3a
356466	Hepatitis C virus subtype 2k
356663	Xenotropic MuLV-related virus VP35
356664	Xenotropic MuLV-related virus VP42
362784	Human parechovirus 4
370037	Norovirus Hu/Guangzhou/NVgz01/CHN
370128	Influenza A virus (A/Northern Territory/60/1968(H3N2))
370519	Influenza A virus (A/New York/599/1996(H3N2))
370522	Influenza A virus (A/New York/602/1996(H3N2))
373193	Xenotropic MuLV-related virus VP62
376148	Human parechovirus 5
378809	Ravn virus - Ravn, Kenya, 1987
378830	Lake Victoria marburgvirus - Angola2005
378831	Lake Victoria marburgvirus - DRC1999
379081	Norovirus Hu/MK04/2004/JP
388737	SARS coronavirus GDH-BJH01
392172	Norovirus Hu/GII.4/MD-2004/2004/US
394504	Human bocavirus WLL-1
404135	Bovine coronavirus isolate Alpaca
408681	Enterovirus B101
411152	Human parechovirus 6
413256	Hepatitis C virus subtype 6l
413257	Hepatitis C virus subtype 6o
419697	Melaka orthoreovirus
423446	KI polyomavirus Stockholm 60
423447	KI polyomavirus Stockholm 350
423448	KI polyomavirus Stockholm 380
427343	Human papillomavirus 107
430048	Human bocavirus WLL-2
434309	Saffold virus
438880	Hepatitis C virus subtype 6c
438881	Hepatitis C virus subtype 6p
440266	WU Polyomavirus
444473	Human bocavirus WLL-3
449277	West Nile virus SA93/01
449278	West Nile virus SPU116/89
449279	West Nile virus SA381/00
449280	West Nile virus H442
459785	Human adenovirus 3+11p
463676	Rhinovirus C
466217	Chikungunya virus Wuerzburg 1
467339	Hepatitis C virus subtype 6q
471358	Human papillomavirus type 57c
479952	Norovirus Hu/Texas/TCH04-577/2004/US
484894	Hepatitis C virus subtype 1g
488241	Influenza A virus (A/Korea/426/1968(H2N2))
489450	HBV genotype A1
489451	HBV genotype A2
489460	Hepatitis B virus genotype B
490039	Norovirus GII.2
493803	Merkel cell polyomavirus
499556	Chapare mammarenavirus
509628	Hepatitis E virus type 3
511429	SARS coronavirus BJ182-12
511430	SARS coronavirus BJ182-4
511431	SARS coronavirus BJ182-8
511432	SARS coronavirus BJ182a
511433	SARS coronavirus BJ182b
512169	Tulane virus
518628	Human papillomavirus 104
518629	Human papillomavirus 110
518630	Human papillomavirus 111
518987	Influenza B virus (B/Lee/1940)
546951	Norovirus Hu/GII-4/Hokkaido1/2006/JP
546952	Norovirus Hu/GII-4/Hokkaido2/2006/JP
546953	Norovirus Hu/GII-4/Hokkaido3/2006/JP
546954	Norovirus Hu/GII-4/Hokkaido4/2006/JP
546955	Norovirus Hu/GII-4/Hokkaido5/2006/JP
546956	Norovirus Hu/GII-4/Aomori1/2006/JP
546957	Norovirus Hu/GII-4/Aomori2/2006/JP
546958	Norovirus Hu/GII-4/Aomori4/2006/JP
546959	Norovirus Hu/GII-4/Aomori5/2006/JP
546960	Norovirus Hu/GII-4/Akita1/2006/JP
546961	Norovirus Hu/GII-4/Akita2/2006/JP
546962	Norovirus Hu/GII-4/Akita4/2006/JP
546963	Norovirus Hu/GII-4/Akita5/2006/JP
546964	Norovirus Hu/GII-4/Miyagi2/2006/JP
546965	Norovirus Hu/GII-4/Miyagi4/2006/JP
546966	Norovirus Hu/GII-4/Miyagi5/2006/JP
546967	Norovirus Hu/GII-4/Toyama1/2006/JP
546968	Norovirus Hu/GII-4/Toyama4/2006/JP
546969	Norovirus Hu/GII-4/Toyama5/2006/JP
546970	Norovirus Hu/GII-4/Aichi3/2006/JP
546971	Norovirus Hu/GII-4/Aichi4/2006/JP
546972	Norovirus Hu/GII-4/Sakai2/2006/JP
546973	Norovirus Hu/GII-4/Sakai3/2006/JP
546974	Norovirus Hu/GII-4/Sakai4/2006/JP
546975	Norovirus Hu/GII-4/Hiroshima1/2006/JP
546976	Norovirus Hu/GII-4/Hiroshima2/2006/JP
546977	Norovirus Hu/GII-4/Ehime1/2006/JP
546978	Norovirus Hu/GII-4/Ehime2/2006/JP
546979	Norovirus Hu/GII-4/Ehime5/2006/JP
546980	Norovirus Hu/GII-4/Saga1/2006/JP
546981	Norovirus Hu/GII-4/Saga4/2006/JP
546982	Norovirus Hu/GII-4/Saga5/2006/JP
546983	Norovirus Hu/GII-4/Kumamoto1/2006/JP
546984	Norovirus Hu/GII-4/Kumamoto2/2006/JP
546985	Norovirus Hu/GII-4/Kumamoto3/2006/JP
546986	Norovirus Hu/GII-4/Kumamoto4/2006/JP
546987	Norovirus Hu/GII-4/Kumamoto5/2006/JP
552592	Norovirus GII.17
563190	Human papillomavirus FA75/KI88-03
565537	human papillomavirus 108
565995	Bundibugyo ebolavirus
568715	Astrovirus MLB1
573824	rhinovirus A1
585060	Simian adenovirus 26
585063	Simian adenovirus 29
585064	Simian adenovirus 30
585066	Simian adenovirus 32
585067	Simian adenovirus 33
585068	Simian adenovirus 34
585070	Simian adenovirus 36
585072	Simian adenovirus 38
585073	Simian adenovirus 39
585077	Simian adenovirus 43
585078	Simian adenovirus 44
585079	Simian adenovirus 45
585080	Simian adenovirus 46
585081	Simian adenovirus 47
585082	Simian adenovirus 25.2
585083	Simian adenovirus 27.1
585084	Simian adenovirus 27.2
585085	Simian adenovirus 28.1
585086	Simian adenovirus 28.2
585087	Simian adenovirus 31.1
585088	Simian adenovirus 31.2
585089	Simian adenovirus 35.1
585090	Simian adenovirus 35.2
585091	Simian adenovirus 37.1
585092	Simian adenovirus 37.2
585093	Simian adenovirus 40.1
585094	Simian adenovirus 40.2
585095	Simian adenovirus 41.1
585096	Simian adenovirus 41.2
585097	Simian adenovirus 42.1
585098	Simian adenovirus 42.2
585099	Simian adenovirus 42.3
586420	Human cosavirus B
587347	Human papillomavirus 98
587348	Human papillomavirus 99
587349	Human papillomavirus 100
587350	Human papillomavirus 105
587351	Human papillomavirus 113
587432	Norovirus Hu/GII-4/CUK-3/2008/KR
602074	Human parechovirus 8
617102	Yellow fever virus 17D/Tiantan
619591	Monkeypox virus Zaire-96-I-16
621277	Hepatitis B virus 146/Thailand
626160	Human astrovirus 1 Beijing/128/2005/CHN
626164	Human astrovirus 1 Beijing/176/2006/CHN
626180	Human astrovirus 1 Beijing/291/2007/CHN
626181	Human astrovirus 1 Beijing/293/2007/CHN
627439	Human enteric coronavirus strain 4408
627442	SARS coronavirus P2
629725	Chandiru virus
629726	Alenquer virus
629727	Chagres virus
638313	Human bocavirus 3
641501	Influenza A virus (A/California/04/2009(H1N1))
641809	Influenza A virus (A/California/07/2009(H1N1))
642022	Lyssavirus Ozernoe
645687	Astrovirus VA1
649188	Lujo mammarenavirus
649604	Banna virus strain JKT-6423
651580	Human adenovirus 54
651733	Salivirus NG-J1
652810	Human papillomavirus type 85
655428	Human rhinovirus QCE
658397	Norovirus Hu/GI.2/Leuven/2003/BEL
660656	Norovirus Hu/GII.4/CHDC2094/1974/US
660657	Norovirus Hu/GII.4/CHDC3967/1988/US
660658	Norovirus Hu/GII.4/CHDC4108/1987/US
660659	Norovirus Hu/GII.4/CHDC4871/1977/US
673323	Human papillomavirus 125
682382	HMO Astrovirus A
683172	Astrovirus MLB2
683174	Astrovirus VA3
687340	Torque teno virus 1
687342	Torque teno virus 3
687344	Torque teno virus 5
687345	Torque teno virus 6
687346	Torque teno virus 7
687347	Torque teno virus 8
687348	Torque teno virus 9
687349	Torque teno virus 10
687350	Torque teno virus 11
687351	Torque teno virus 12
687352	Torque teno virus 13
687354	Torque teno virus 15
687355	Torque teno virus 16
687356	Torque teno virus 17
687357	Torque teno virus 18
687358	Torque teno virus 19
687359	Torque teno virus 20
687360	Torque teno virus 21
687361	Torque teno virus 22
687363	Torque teno virus 24
687364	Torque teno virus 25
687366	Torque teno virus 27
687367	Torque teno virus 28
687368	Torque teno virus 29
687369	Torque teno mini virus 1
687370	Torque teno mini virus 2
687371	Torque teno mini virus 3
687373	Torque teno mini virus 5
687374	Torque teno mini virus 6
687375	Torque teno mini virus 7
687376	Torque teno mini virus 8
687377	Torque teno mini virus 9
687379	Torque teno midi virus 1
687380	Torque teno midi virus 2
688436	Quaranjavirus quaranfilense
688699	Sandfly fever Turkey virus
689403	Human bocavirus 1
693426	Hepatitis C virus subtype 4n
693427	Hepatitis C virus subtype 4r
694009	Severe acute respiratory syndrome-related coronavirus
696746	human papillomavirus 115
707384	Norovirus Hu/GII-4/Aichi1/2007/JP
707385	Norovirus Hu/GII-4/Aichi1/2008/JP
707386	Norovirus Hu/GII-4/Aichi2/2007/JP
707387	Norovirus Hu/GII-4/Aichi2/2008/JP
707388	Norovirus Hu/GII-4/Aichi3/2007/JP
714567	Norovirus Hu/GII-4/FUMI/2010/JP
714978	Human adenovirus 55
720708	Human papillomavirus 117
735496	Human papillomavirus type 114
742915	Cyclovirus PK5006
742916	Cyclovirus PK5034
742917	Cyclovirus PK5222
742918	Cyclovirus PK5510
742919	Cyclovirus PK6197
742922	Cyclovirus NG12
742923	Cyclovirus NG14
742924	Cyclovirus TN25
742925	Cyclovirus TN18
743300	Human stool-associated circular virus NG13
743811	human papillomavirus 150
743812	Human papillomavirus 151
745709	Hepatitis C virus subtype 4o
746830	Human polyomavirus 6
746831	Human polyomavirus 7
746832	Human papillomavirus 127
748172	Norovirus Hu/GII.14/8610/Saga/2008/JPN
749340	Xenotropic MuLV-related virus 22Rv1/CWR-R1
756495	Norovirus Hu/GII/Shanghai/SH2/2008/CHN
756496	Norovirus Hu/Shanghai/SH5/2009/CHN
756497	Norovirus Hu/Shanghai/SH312/2009/CHN
758863	Sapovirus Hu/GI/Sapporo/MT-2010/1982
763792	Measles virus genotype H1
765051	human papillomavirus 119
765052	Human papillomavirus 120
765054	Human papillomavirus 122
765055	Human papillomavirus 123
765056	human papillomavirus 124
767521	Astrovirus SG
858367	Astrovirus MLB1 HK05
861519	Enterovirus C109
862909	Trichodysplasia spinulosa-associated polyomavirus
863240	Norovirus Hu/GII.3/CBNU1/2006/KOR
880562	Norovirus Hu/GII.4/JB-15/KOR/2008
880565	Human adenovirus 56
884093	Measles virus strain MVi/New York.USA/26.09/3
884094	Measles virus strain MVi/Florida.USA/19.09
884095	Measles virus strain MVi/Virginia.USA/15.09
884096	Measles virus strain MVi/Arizona.USA/11.08/2
884097	Measles virus strain MVi/Texas.USA/4.07
884098	Measles virus strain MVi/New Jersey.USA/45.05
884099	Measles virus strain MVi/California.USA/8.04
884100	Measles virus strain MVi/California.USA/16.03
884101	Measles virus strain MVi/Pennsylvania.USA/20.09
909328	Human papillomavirus 149
909329	Human papillomavirus 130
909330	Human papillomavirus type 131
909331	Human papillomavirus 132
909332	Human papillomavirus 133
909333	Human papillomavirus 134
915425	Human papillomavirus type 101
915426	Human papillomavirus 109
915427	Human papillomavirus type 112
915428	Human papillomavirus 116
915429	Human papillomavirus 121
927771	human papillomavirus 118
931209	Human papillomavirus type 128
931210	Human papillomavirus type 129
933438	Murine leukemia virus N417
934293	Norovirus Hu/GII.12/HS210/2010/USA
940838	Human papillomavirus type 68b
942038	Human papillomavirus 148
943084	Micro Torque teno virus
943908	Human polyomavirus 9
944645	Senegalvirus marseillevirus
980087	Human adenovirus 58
985691	Sapovirus Hu/GI.2/BR-DF01/BRA/2009
988774	Human polyomavirus IPPyV
988776	Human gyrovirus 1
990302	Human papillomavirus 152
992212	SFTS virus HB29
992230	Human rhinovirus NAT001
994672	Titi monkey adenovirus ECC-2011
1000646	Echarate virus
1001061	Ljunganvirus 1
1003835	Severe fever with thrombocytopenia syndrome virus
1004889	Maldonado virus
1006008	Human enterovirus 71 HZ08/Hangzhou/2008
1046049	Norovirus Hu/GII.12/HS206/2010/USA
1046251	Maraba virus
1048854	Munguba virus
1049224	Xenotropic MuLV-related virus RKO
1052603	HBV recombinant B/C
1052604	HBV recombinant C/G
1055684	Human papillomavirus 126
1056492	Measles virus genotype G3
1069441	Human adenovirus 61
1070408	Human papillomavirus 135
1070409	Human papillomavirus 136
1070410	Human papillomavirus type 137
1070411	Human papillomavirus 138
1070412	Human papillomavirus 139
1070413	Human papillomavirus 140
1070414	Human papillomavirus 141
1070415	Human papillomavirus 142
1070416	Human papillomavirus 143
1070417	Human papillomavirus type 144
1070418	Human papillomavirus 145
1070419	Human papillomavirus 146
1070420	human papillomavirus 147
1089795	Measles virus strain MVi/Washington.USA/18.08/1
1094363	Human adenovirus 65
1094895	Hepatitis C virus subtype 3i
1094898	Hepatitis C virus subtype 4L
1094899	Hepatitis C virus subtype 4g
1094900	Hepatitis C virus subtype 4m
1094901	Hepatitis C virus subtype 2m
1096763	Human adenovirus 68
1101371	Human adenovirus 67
1108925	Human bocavirus isolate SH1
1108926	Human bocavirus isolate SH2
1108927	Human bocavirus isolate SH3
1110710	human papillomavirus 153
1124795	Human adenovirus 63
1126254	Lake Victoria marburgvirus - Leiden
1133122	Norovirus Hu/GII.4/New Orleans/2010/USA
1145295	Human adenovirus 64
1163715	Gyrovirus GyV3
1165934	Human papillomavirus 155
1173217	Norovirus Hu/GI.6/Kingston/ACT160D/2010/AU
1175308	Norovirus Hu/GI/10360/2010/VNM
1175309	Norovirus Hu/GII/10002/2009/VNM
1175310	Norovirus Hu/GII/10003/2009/VNM
1175311	Norovirus Hu/GII/10012/2009/VNM
1175312	Norovirus Hu/GII/10037/2009/VNM
1183312	Norovirus Hu/GII.4/Rockdale/NSW006D/2009/AU
1183318	Norovirus Hu/GIV.1/LakeMacquarie/NSW268O/2010/AU
1183319	Norovirus Hu/GII.g-GII.12/Gunnedah/NSW895P/2010/AU
1183320	Norovirus Hu/GII.g-GII.12/Wahroonga/NSW004P/2009/AU
1184496	Norovirus Hu/GII-4/CBNU2/2007/KR
1184497	Norovirus Hu/GII.4/CHDC5191/1974/USA
1184498	Norovirus Hu/GI.1/8FIIa/1968/USA
1195613	Norovirus Hu/GII-4/CGMH01/2006/TW
1195614	Norovirus Hu/GII-4/CGMH02/2006/TW
1195615	Norovirus Hu/GII-4/CGMH03/2006/TW
1195616	Norovirus Hu/GII-4/CGMH04/2006/TW
1195617	Norovirus Hu/GII-4/CGMH05/2006/TW
1195618	Norovirus Hu/GII-4/CGMH06/2006/TW
1195619	Norovirus Hu/GII-4/CGMH07/2006/TW
1195620	Norovirus Hu/GII-4/CGMH08/2006/TW
1195621	Norovirus Hu/GII-4/CGMH09/2006/TW
1195622	Norovirus Hu/GII-4/CGMH10/2006/TW
1195623	Norovirus Hu/GII-4/CGMH11/2006/TW
1195624	Norovirus Hu/GII-4/CGMH12/2007/TW
1195625	Norovirus Hu/GII-4/CGMH13/2007/TW
1195626	Norovirus Hu/GII-4/CGMH14/2007/TW
1195627	Norovirus Hu/GII-4/CGMH15/2007/TW
1195628	Norovirus Hu/GII-4/CGMH16/2007/TW
1195629	Norovirus Hu/GII-4/CGMH17/2007/TW
1195630	Norovirus Hu/GII-4/CGMH18/2008/TW
1195631	Norovirus Hu/GII-4/CGMH19/2009/TW
1195632	Norovirus Hu/GII-4/CGMH20/2009/TW
1195633	Norovirus Hu/GII-4/CGMH21/2010/TW
1195634	Norovirus Hu/GII-4/CGMH22/2010/TW
1195635	Norovirus Hu/GII-4/CGMH23/2010/TW
1195636	Norovirus Hu/GII-4/CGMH24/2010/TW
1195637	Norovirus Hu/GII-4/CGMH25/2010/TW
1195638	Norovirus Hu/GII-4/CGMH26/2010/TW
1195639	Norovirus Hu/GII-4/CGMH27/2010/TW
1195640	Norovirus Hu/GII-4/CGMH28/2010/TW
1195791	Norovirus Hu/GII.4/5M/USA/2004
1195796	Human papillomavirus 154
1203539	MW polyomavirus
1208062	Hepatitis C virus subtype 4v
1208063	Hepatitis C virus subtype 2k/1b
1208309	Deltapolyomavirus decihominis
1209820	Human papillomavirus 159
1213620	Bhanja virus
1214955	Gyrovirus 4
1216927	Sudan ebolavirus - Nakisamata
1216928	Heartland virus
1219350	HBV genotype F2
1219351	HBV genotype F4
1219352	HBV genotype D4
1219353	HBV genotype D3
1219381	rhinovirus A101
1219465	Lone Star virus
1221622	Norovirus Hu/GII.4/Ohio/7G/2012/USA
1221623	Norovirus Hu/GII.4/Ohio/7I/2012/USA
1224522	Kobuvirus sewage Kathmandu
1231709	MX polyomavirus
1233383	Human cosavirus
1235996	Human betacoronavirus 2c EMC/2012
1239565	Mamastrovirus 1
1241966	Norovirus Hu/GII.4/Berowra/NSW767L/2012/AU
1241967	Norovirus Hu/GII.4/Caringbah/NSW409G/2011/AU
1241968	Norovirus Hu/GII.4/Doonside/NSW536I/2011/AU
1241969	Norovirus Hu/GII.4/Jannali/NSW774M/2011/AU
1241970	Norovirus Hu/GII.4/Miranda/NSW850K/2011/AU
1241971	Norovirus Hu/GII.4/Randwick/NSW882J/2011/AU
1241972	Norovirus Hu/GII.4/Randwick/NSW938K/2011/AU
1241973	Norovirus Hu/GII.4/Sydney/NSW0514/2012/AU
1241974	Norovirus Hu/GII.4/Woonona/NSW3309/2012/AU
1247113	Astrovirus VA4
1247114	Astrovirus MLB3
1248136	Enterovirus B106
1248396	Human papillomavirus type 156
1260941	Norovirus Hu/GII.3/HK71/1978/CHN
1260944	Norovirus Hu/GII.6/CHDC4073/1984/USA
1261195	Norovirus Hu/Norwalk/10034/2009/VNM
1261196	Norovirus Hu/Norwalk/10051/2009/VNM
1261197	Norovirus Hu/Norwalk/10054/2009/VNM
1261198	Norovirus Hu/Norwalk/10062/2009/VNM
1261199	Norovirus Hu/Norwalk/10074/2009/VNM
1261200	Norovirus Hu/Norwalk/10075/2009/VNM
1261201	Norovirus Hu/Norwalk/10078/2009/VNM
1261202	Norovirus Hu/Norwalk/10079/2009/VNM
1261203	Norovirus Hu/Norwalk/10110/2009/VNM
1261204	Norovirus Hu/Norwalk/10114/2009/VNM
1261205	Norovirus Hu/Norwalk/10116/2009/VNM
1261206	Norovirus Hu/Norwalk/10129/2009/VNM
1261207	Norovirus Hu/Norwalk/10136/2009/VNM
1261208	Norovirus Hu/Norwalk/10137/2009/VNM
1261209	Norovirus Hu/Norwalk/10145/2009/VNM
1261210	Norovirus Hu/Norwalk/10148/2009/VNM
1261211	Norovirus Hu/Norwalk/10158/2009/VNM
1261212	Norovirus Hu/Norwalk/10160/2009/VNM
1261213	Norovirus Hu/Norwalk/10162/2009/VNM
1261214	Norovirus Hu/Norwalk/10163/2009/VNM
1261215	Norovirus Hu/Norwalk/10169/2009/VNM
1261216	Norovirus Hu/Norwalk/10173/2009/VNM
1261217	Norovirus Hu/Norwalk/10176/2009/VNM
1261218	Norovirus Hu/Norwalk/10177/2009/VNM
1261219	Norovirus Hu/Norwalk/10179/2009/VNM
1261220	Norovirus Hu/Norwalk/10182/2009/VNM
1261221	Norovirus Hu/Norwalk/10183/2009/VNM
1261222	Norovirus Hu/Norwalk/10194/2009/VNM
1261223	Norovirus Hu/Norwalk/10199/2009/VNM
1261224	Norovirus Hu/Norwalk/10203/2009/VNM
1261225	Norovirus Hu/Norwalk/10204/2009/VNM
1261226	Norovirus Hu/Norwalk/10222/2009/VNM
1261227	Norovirus Hu/Norwalk/10223/2009/VNM
1261228	Norovirus Hu/Norwalk/10235/2009/VNM
1261229	Norovirus Hu/Norwalk/10236/2009/VNM
1261230	Norovirus Hu/Norwalk/10238/2009/VNM
1261231	Norovirus Hu/Norwalk/10247/2009/VNM
1261232	Norovirus Hu/Norwalk/10255/2009/VNM
1261233	Norovirus Hu/Norwalk/10285/2010/VNM
1261234	Norovirus Hu/Norwalk/10296/2010/VNM
1261235	Norovirus Hu/Norwalk/10313/2010/VNM
1261236	Norovirus Hu/Norwalk/10325/2010/VNM
1261237	Norovirus Hu/Norwalk/10328/2010/VNM
1261238	Norovirus Hu/Norwalk/10368/2010/VNM
1261239	Norovirus Hu/Norwalk/10378/2010/VNM
1261240	Norovirus Hu/Norwalk/10386/2010/VNM
1261241	Norovirus Hu/Norwalk/20008/2009/VNM
1261242	Norovirus Hu/Norwalk/20010/2009/VNM
1261243	Norovirus Hu/Norwalk/20014/2009/VNM
1261244	Norovirus Hu/Norwalk/20016/2009/VNM
1261245	Norovirus Hu/Norwalk/20019/2009/VNM
1261246	Norovirus Hu/Norwalk/20033/2009/VNM
1261247	Norovirus Hu/Norwalk/20035/2009/VNM
1261248	Norovirus Hu/Norwalk/20044/2009/VNM
1261249	Norovirus Hu/Norwalk/20047/2009/VNM
1261250	Norovirus Hu/Norwalk/20066/2009/VNM
1261251	Norovirus Hu/Norwalk/20067/2009/VNM
1261252	Norovirus Hu/Norwalk/20069/2009/VNM
1261253	Norovirus Hu/Norwalk/20092/2009/VNM
1261254	Norovirus Hu/Norwalk/20093/2009/VNM
1261255	Norovirus Hu/Norwalk/20094/2009/VNM
1261256	Norovirus Hu/Norwalk/20118/2009/VNM
1261257	Norovirus Hu/Norwalk/20122/2009/VNM
1261258	Norovirus Hu/Norwalk/20123/2009/VNM
1261259	Norovirus Hu/Norwalk/20128/2009/VNM
1261260	Norovirus Hu/Norwalk/20135/2009/VNM
1261261	Norovirus Hu/Norwalk/20139/2009/VNM
1261262	Norovirus Hu/Norwalk/20140/2009/VNM
1261263	Norovirus Hu/Norwalk/20142/2009/VNM
1262401	Norovirus Hu/GII.4/Hong Kong/CUHK3630/2012/CHN
1263720	Betacoronavirus England 1
1268361	Norovirus Hu/GII.4/HS191/2004/USA
1277649	STL polyomavirus
1280920	Sapovirus Hu/Nagoya/NGY-1/2012/JPN
1282342	Hepatitis B virus subgenotype A3/genotype E
1282423	Norovirus Hu/GII.4/GZ2010-L26/Guangzhou/CHN/2010
1282425	Norovirus Hu/GII.4/GZ2010-L87/Guangzhou/CHN/2011
1282430	Norovirus Hu/GII.6/GZ2010-L96/Guangzhou/CHN/2011
1288116	Human papillomavirus type XS2
1291872	Norovirus Hu/GII/20469/2010/VNM
1291873	Norovirus Hu/GII/20477/2010/VNM
1295563	Enterovirus C99
1297549	Human papillomavirus type 78
1298362	Human betacoronavirus 2c England-Qatar/2012
1303334	Human polyomavirus 12
1306931	Human betacoronavirus 2c Jordan-N3/2012
1312076	Norovirus Hu/GII.4/Seoul/1071/2010/KOR
1313215	Aichi virus 1
1315259	human papillomavirus 166
1315262	human papillomavirus 163
1315264	Human papillomavirus type 161
1316726	Norovirus Hu/GII.4/Ohio/684/USA
1325533	Norovirus Hu/GII.4/20199/2009/VNM
1330491	Cosavirus A
1330524	Salivirus A
1331832	Norovirus Hu/GII.4/C00006631/2011/UK
1331833	Norovirus Hu/GII.4/C00007876/2011/UK
1331834	Norovirus Hu/GII.4/C00007879/2011/UK
1331835	Norovirus Hu/GII.4/C00007880/2011/UK
1331836	Norovirus Hu/GII.4/C00007881/2011/UK
1331837	Norovirus Hu/GII.4/C00007892/2011/UK
1331838	Norovirus Hu/GII.4/C00007893/2011/UK
1331839	Norovirus Hu/GII.4/C00007904/2011/UK
1331840	Norovirus Hu/GII.4/C00007905/2011/UK
1331841	Norovirus Hu/GII.4/C00007915/2010/UK
1331842	Norovirus Hu/GII.4/C00007916/2011/UK
1331843	Norovirus Hu/GII.4/C00007918/2011/UK
1331844	Norovirus Hu/GII.4/C00007927/2010/UK
1331845	Norovirus Hu/GII.4/C00007928/2011/UK
1331846	Norovirus Hu/GII.4/C00007934/2010/UK
1331847	Norovirus Hu/GII.4/C00007941/2011/UK
1331848	Norovirus Hu/GII.4/C00007952/2011/UK
1332244	Influenza A virus (A/Shanghai/02/2013(H7N9))
1335626	Middle East respiratory syndrome-related coronavirus
1336082	Norovirus Hu/GII/Seoul1055/KOR/2010
1336084	Norovirus Hu/GII/Seoul1072/KOR/2010
1336095	Norovirus Hu/GII/Seoul1282/KOR/2010
1336100	Norovirus Hu/GII/Seoul1367/KOR/2010
1336131	Norovirus Hu/GII/Seoul1488/KOR/2011
1337398	Human adenovirus 66
1337425	Norovirus Hu/GII.4/Hong Kong/CUHK6080/2012/CHN
1338688	Norovirus Hu/GIV.1/CCDC GR1113-59/CHN/2011
1341019	Parvovirus NIH-CQV
1345637	Human cyclovirus VS5700009
1346530	Sapovirus Hu/G1/BE-HPI01/DE/2012
1346815	Circo-like virus-Brazil hs1
1346816	Circo-like virus-Brazil hs2
1348500	Cyclovirus VN
1352534	Parvo-like hybrid virus UC1
1379486	Norovirus Hu/GII.4/Guangzhou/GZ2010-L88/CHN/2011
1379487	Norovirus Hu/GII.4/Guangzhou/GZ2010-L91/CHN/2011
1380573	Norovirus Hu/GII.12/CGMH38/2010/TW
1380574	Norovirus Hu/GII.12/CGMH39/2010/TW
1380575	Norovirus Hu/GII.12/CGMH40/2010/TW
1380576	Norovirus Hu/GII.12/CGMH41/2010/TW
1380577	Norovirus Hu/GII.12/CGMH42/2010/TW
1383577	Norovirus Hu/GI.1/8CKIIIc/1974/USA
1383578	Norovirus Hu/GI.1/8K/1979/USA
1383579	Norovirus Hu/GI.1/8MC/1978/USA
1383580	Norovirus Hu/GI.1/8McIII/1973/USA
1383581	Norovirus Hu/GI.1/8MoIIIL/1972/USA
1383582	Norovirus Hu/GI.1/8UIIIf/1973/USA
1383583	Norovirus Hu/GI.1/8W/1968/USA
1383590	Norovirus Hu/GII.4/NIHIC18.1/2012/USA
1383591	Norovirus Hu/GII.4/NIHIC13/2011/USA
1383596	Norovirus Hu/GII.4/NIHIC27.1/2012/USA
1383599	Norovirus Hu/GII.4/NIHIC17.1/2012/USA
1383601	Norovirus Hu/GII.4/NIHIC17.5/2012/USA
1383602	Norovirus Hu/GII.4/NIHIC1.13/2012/USA
1383606	Norovirus Hu/GII.4/NIHIC28.5/2012/USA
1383609	Norovirus Hu/GII.4/NIHIC28.4/2012/USA
1384672	Mumps virus genotype G
1391667	Bufavirus-3
1395611	Parvo-like hybrid virus UC11
1395615	Parvo-like hybrid virus UC4
1395620	Parvo-like hybrid virus UC9
1401445	Avian paramyxovirus goose/Shimane/67/2000
1406147	Norovirus Hu/GI.2/Jingzhou/2013401/CHN
1406148	Norovirus Hu/GII.3/Jingzhou/2013402/CHN
1406149	Norovirus Hu/GII.4/Jingzhou/2013403/CHN
1406796	Norovirus Hu/GII.4/NIHIC35/2013/USA
1406797	Norovirus Hu/GII.4/NIHIC2.2/2010/USA
1406798	Norovirus Hu/GII.4/NIHIC2.3/2010/USA
1406799	Norovirus Hu/GII.4/NIHIC11.3/2013/USA
1406800	Norovirus Hu/GII.4/NIHIC27.2/2012/USA
1406801	Norovirus Hu/GII.4/NIHIC17.8/2013/USA
1406802	Norovirus Hu/GII.4/NIHIC17.9/2013/USA
1406805	Norovirus Hu/GII.4/NIHIC17.6/2012/USA
1406809	Norovirus Hu/GII.4/NIHIC1.16/2012/USA
1415627	Gyrovirus Tu243
1415628	Gyrovirus Tu789
1415852	Bat SARS-like coronavirus WIV1
1418031	rhinovirus C5
1419710	JC polyomavirus type 3A
1420545	Human papillomavirus 167
1425211	Saffold virus 2
1432852	Norovirus Hu/GII.4/Jiangsu1/2011/CHN
1432853	Norovirus Hu/GII.4/Jiangsu2/2012/CHN
1434782	Human papillomavirus 175
1434986	Human papillomavirus 171
1434987	Human papillomavirus 172
1434988	Human papillomavirus 173
1435148	Enterovirus A120
1439707	Respiratory syncytial virus type A
1442164	Enterovirus B111
1452514	Sosuga virus
1452750	Ectromelia virus ERPV
1458701	Norovirus Hu/GII.2/HS255/2011/USA
1458702	Norovirus Hu/GII.4/HS288/2012/USA
1458703	Norovirus Hu/GII.4/HS292/2012/USA
1458704	Norovirus Hu/GII.4/HS66/2001/USA
1458705	Norovirus Hu/GII.6/HS245/2010/USA
1461395	Human adenovirus 11+34
1472342	Human papillomavirus 179
1472343	Human papillomavirus 184
1478160	Human papillomavirus 178
1484958	Human papillomavirus type 72b
1486684	Norovirus Hu/GII/BG1C0004/2010/BGD
1486685	Norovirus Hu/GII/BG1C0066/2011/BGD
1486687	Norovirus Hu/GII/BG1C0204/2011/BGD
1486689	Norovirus Hu/GII/BG1C0241-33/2011/BGD
1486691	Norovirus Hu/GII/BG1C0270/2011/BGD
1486692	Norovirus Hu/GII/BG1C0282/2011/BGD
1486694	Norovirus Hu/GII/BG1C0317/2011/BGD
1486697	Norovirus Hu/GII/BG1C0405/2012/BGD
1488574	Human genital-associated circular DNA virus-1
1497391	New Jersey polyomavirus-2013
1498296	Norovirus Hu/GII.4/SGU-110421/KOR/2011
1511785	pasivirus A2
1511807	Rosavirus A2
1511871	Primate bocaparvovirus 1
1511882	Human bocavirus 2c PK
1511883	Human bocavirus 4 NI
1511919	Human parvovirus 4 G1
1514999	Norovirus GII/Hu/HKG/2013/GII.4/CUHK-NS-141
1516081	MSSI2.225 virus
1518575	Human astrovirus BF34
1520935	Cyclovirus SL-108277
1521028	Human adenovirus 21a
1525173	Human circovirus VS6600022
1529450	Anaconda paramyxovirus
1529909	Norovirus GI/Hu/JP/2007/GI.P3_GI.3/Shimizu/KK2866
1529910	Norovirus GI/Hu/JP/2007/GI.P8_GI.8/Nagoya/KY531
1529911	Norovirus GII/Hu/JP/2000/GII.P12_GII.12/Saitama/KU16
1529912	Norovirus GII/Hu/JP/2001/GII.P12_GII.12/Saitama/T15
1529913	Norovirus GII/Hu/JP/2001/GII.P12_GII.12/Saitama/T18
1529914	Norovirus GII/Hu/JP/2001/GII.P22_GII.5/Saitama/T49
1529915	Norovirus GII/Hu/JP/2002/GII.P12_GII.13/Saitama/T80
1529916	Norovirus GII/Hu/JP/2002/GII.P16_GII.17/Saitama/T87
1529917	Norovirus GII/Hu/JP/2002/GII.P5_GII.5/Saitama/T52
1529918	Norovirus GII/Hu/JP/2007/GII.P15_GII.15/Sapporo/HK299
1529919	Norovirus GII/Hu/JP/2007/GII.P21_GII.21/Kawasaki/YO284
1529920	Norovirus GII/Hu/JP/2007/GII.P7_GII.14/Fukuoka/KK282
1529921	Norovirus GII/Hu/JP/2007/GII.P7_GII.14/Sendai/YG99
1529922	Norovirus GII/Hu/JP/2010/GII.P4_GII.4/Shimada/ASC96
1529923	Norovirus GII/Hu/JP/2010/GII.P7_GII.7/Musashimurayama/TAKAsanKimchi
1529924	Norovirus GII/Hu/JP/2011/GII/Yuzawa/Gira2HS
1529925	Norovirus GII/Hu/JP/2012/GII.Pe_GII.4_Sydney2012/Fukuyama/1
1529926	Norovirus GII/Hu/JP/2012/GII.Pe_GII.4_Sydney2012/Fukuyama/2
1529927	Norovirus GII/Hu/JP/2012/GII.Pe_GII.4_Sydney2012/Fukuyama/3
1529928	Norovirus GII/Hu/JP/2012/GII.Pe_GII.4_Sydney2012/Fukuyama/5
1529929	Norovirus GII/Hu/TW/2012/GII.Pe_GII.4_Sydney2012/Taipei/105
1529930	Norovirus GII/Hu/TW/2012/GII.Pe_GII.4_Sydney2012/Taipei/106
1529931	Norovirus GII/Hu/TW/2012/GII.Pe_GII.4_Sydney2012/Taipei/108
1529932	Norovirus GII/Hu/TW/2012/GII.Pe_GII.4_Sydney2012/Taipei/109
1535290	Torque teno mini virus ALA22
1535291	Torque teno mini virus ALH8
1542134	Human papillomavirus 197
1544901	Hepatitis C virus genotype 7
1547495	Salivirus FHB
1554500	Hervey virus
1566828	Norovirus Hu/GII.4/gg-12-08-04/2012/KR
1569922	Mukawa virus
1582094	Cosavirus JMY-2014
1595998	Human smacovirus 1
1608083	Tacheng Tick Virus 1
1608084	Tacheng Tick Virus 2
1608453	Parvovirus NIH-CQV-Co
1615758	Tofla virus
1623310	Tataguine virus
1643649	Human adenovirus 71
1647924	Human papillomavirus KC5
1650736	Human papillomavirus 204
1671798	Human papillomavirus type 54
1673681	Gemycircularvirus C1c
1678143	Paslahepevirus balayani
1678225	Catu virus
1678234	Guama virus
1682340	Human papillomavirus 201
1704090	Human hepegivirus
1712570	Kasokero virus
1729141	Human pegivirus 2
1755290	Indian encephalitis associated cyclovirus
1763596	Guertu virus
1764086	Zerdali virus
1775957	Medjerda Valley virus
1780507	Myotis gammaherpesvirus 8
1788432	Bat mastadenovirus WIV10
1788433	Bat mastadenovirus WIV11
1788436	Bat mastadenovirus WIV9
1792832	Human gemycircularvirus GeTz1
1803956	Parechovirus A
1805494	Bamaga virus
1820158	Human feces smacovirus 2
1820159	Human feces smacovirus 3
1820160	Human feces pecovirus
1851087	Kabuto mountain virus
1851130	Human papillomavirus 187
1859149	Torque teno mini virus 18
1862824	Gemycircularvirus HV-GcV1
1862825	Gemycircularvirus HV-GcV2
1867125	Cutavirus
1868658	Human astrovirus
1891762	Betapolyomavirus hominis
1891764	Betapolyomavirus tertihominis
1904876	Human DNA virus
1930509	Husavirus sp.
1960046	Hom-1 vesivirus
1962300	Simian mastadenovirus C
1965344	LI polyomavirus
1972755	Human adenovirus 81
1980459	Bayou orthohantavirus
1980467	Dobrava-Belgrade orthohantavirus
1980471	Hantaan orthohantavirus
1980486	Puumala orthohantavirus
1980490	Seoul orthohantavirus
1980491	Sin Nombre orthohantavirus
1980494	Tula orthohantavirus
1980519	Crimean-Congo hemorrhagic fever orthonairovirus
1980521	Dugbe orthonairovirus
1985415	Human associated gemyvongvirus 1
1987017	Tibrovirus congo
1987020	Ekpoma virus 1
1987021	Ekpoma virus 2
2003650	Cosavirus D
2003651	Cosavirus E
2003652	Cosavirus F
2008762	Hepacivirus B
2015550	enterovirus D94
2017081	Human fecal virus Jorvi2
2017082	Human fecal virus Jorvi3
2017083	Human fecal virus Jorvi4
2021738	Hudisavirus sp.
2025360	NY_014 poxvirus
2038728	Human associated cyclovirus 10
2049444	Gammapapillomavirus sp.
2065036	Torque teno mini virus 10
2065037	Torque teno mini virus 11
2065038	Torque teno mini virus 12
2065045	Torque teno midi virus 4
2065046	Torque teno midi virus 5
2065047	Torque teno midi virus 6
2065048	Torque teno midi virus 7
2065049	Torque teno midi virus 8
2065050	Torque teno midi virus 9
2065051	Torque teno midi virus 10
2065052	Torque teno midi virus 11
2065053	Torque teno midi virus 12
2065054	Torque teno midi virus 13
2065055	Torque teno midi virus 14
2083199	Mosso das Pedras virus
2093789	Human papillomavirus type 203
2169701	Onyong-nyong virus
2169934	Human associated huchismacovirus 1
2169935	Human associated huchismacovirus 2
2169936	Human associated huchismacovirus 3
2169991	Argentinian mammarenavirus
2170194	Central cimpanzee simian foamy virus
2170195	Eastern chimpanzee simian foamy virus
2170197	Guenon simian foamy virus
2170198	Japanese macaque simian foamy virus
2170203	Western chimpanzee simian foamy virus
2200830	Akhmeta virus
2495433	Alston virus
2560313	Avian metaavulavirus 2
2560317	Avian metaavulavirus 7
2560318	Avian metaavulavirus 8
2560525	Human orthorubulavirus 2
2560602	Mumps orthorubulavirus
2571082	Human lung-associated vientovirus FB
2650411	Enterovirus C104
2697049	Severe acute respiratory syndrome coronavirus 2
2713662	Ngewotan negevirus
2758098	bat adenovirus 3
2760809	enterovirus A114
2760813	enterovirus B79
2760818	enterovirus C102
2760819	enterovirus C117
2760820	enterovirus C118
2764122	hepatitis B virus genotype C
2773471	human bocavirus 2c
2777147	rhinovirus A1B
2779846	Sapporo-HK299 virus
2779847	cardiovirus D1
2805939	Circular ssDNA virus sp.
2847137	hepatitis B virus genotype D
2847138	hepatitis B virus genotype E
2847141	hepatitis B virus genotype H
2847144	hepatitis C virus genotype 1a
2849477	equine foamy virus Equus caballus
2905673	Parainfluenza virus 5
2905917	Pichinde virus
2907957	Sabia virus
